DROP DATABASE  IF EXISTS `iotbrokerdb`;
CREATE DATABASE  IF NOT EXISTS `iotbrokerdb` /*!40100 DEFAULT CHARACTER SET utf8mb4 COLLATE utf8mb4_general_ci */ /*!80016 DEFAULT ENCRYPTION='N' */;
USE `iotbrokerdb`;
-- MySQL dump 10.13  Distrib 8.0.21, for Win64 (x86_64)
--
-- Host: 127.0.0.1    Database: iotbrokerdb
-- ------------------------------------------------------
-- Server version	8.0.21

/*!40101 SET @OLD_CHARACTER_SET_CLIENT=@@CHARACTER_SET_CLIENT */;
/*!40101 SET @OLD_CHARACTER_SET_RESULTS=@@CHARACTER_SET_RESULTS */;
/*!40101 SET @OLD_COLLATION_CONNECTION=@@COLLATION_CONNECTION */;
/*!50503 SET NAMES utf8 */;
/*!40103 SET @OLD_TIME_ZONE=@@TIME_ZONE */;
/*!40103 SET TIME_ZONE='+00:00' */;
/*!40014 SET @OLD_UNIQUE_CHECKS=@@UNIQUE_CHECKS, UNIQUE_CHECKS=0 */;
/*!40014 SET @OLD_FOREIGN_KEY_CHECKS=@@FOREIGN_KEY_CHECKS, FOREIGN_KEY_CHECKS=0 */;
/*!40101 SET @OLD_SQL_MODE=@@SQL_MODE, SQL_MODE='NO_AUTO_VALUE_ON_ZERO' */;
/*!40111 SET @OLD_SQL_NOTES=@@SQL_NOTES, SQL_NOTES=0 */;

--
-- Table structure for table `data`
--

DROP TABLE IF EXISTS `data`;
/*!40101 SET @saved_cs_client     = @@character_set_client */;
/*!50503 SET character_set_client = utf8mb4 */;
CREATE TABLE `data` (
  `data_id` int NOT NULL AUTO_INCREMENT,
  `value` varchar(255) COLLATE utf8mb4_general_ci NOT NULL,
  `timestamp` datetime NOT NULL DEFAULT CURRENT_TIMESTAMP,
  `sensor_id` int NOT NULL,
  PRIMARY KEY (`data_id`),
  KEY `sensor_id` (`sensor_id`),
  CONSTRAINT `data_ibfk_1` FOREIGN KEY (`sensor_id`) REFERENCES `sensor` (`sensor_id`)
) ENGINE=InnoDB AUTO_INCREMENT=589 DEFAULT CHARSET=utf8mb4 COLLATE=utf8mb4_general_ci;
/*!40101 SET character_set_client = @saved_cs_client */;

--
-- Dumping data for table `data`
--

LOCK TABLES `data` WRITE;
/*!40000 ALTER TABLE `data` DISABLE KEYS */;
INSERT INTO `data` VALUES (1,'100','2020-10-11 02:30:48',37),(2,'1','2020-10-11 02:30:48',38),(3,'1','2020-10-11 02:30:48',38),(4,'114','2020-10-11 02:30:48',40),(5,'3035','2020-10-11 02:30:48',41),(6,'0','2020-10-11 02:30:48',42),(7,'100','2020-10-11 02:30:48',37),(8,'1','2020-10-11 02:30:48',38),(9,'1','2020-10-11 02:30:48',38),(10,'114','2020-10-11 02:30:48',40),(11,'3035','2020-10-11 02:30:48',41),(12,'1','2020-10-11 02:30:48',42),(13,'22.39','2020-10-11 02:30:55',17),(14,'59.36','2020-10-11 02:30:55',18),(15,'1018.3','2020-10-11 02:30:55',19),(16,'97','2020-10-11 02:30:55',20),(17,'84','2020-10-11 02:30:55',31),(18,'2995','2020-10-11 02:30:55',32),(19,'22.39','2020-10-11 02:30:55',17),(20,'53.29','2020-10-11 02:30:55',18),(21,'1018.3','2020-10-11 02:30:55',19),(22,'97','2020-10-11 02:30:55',20),(23,'90','2020-10-11 02:30:55',31),(24,'2995','2020-10-11 02:30:55',32),(25,'22.39','2020-10-11 02:30:55',17),(26,'53.29','2020-10-11 02:30:55',18),(27,'1018.3','2020-10-11 02:30:55',19),(28,'97','2020-10-11 02:30:55',20),(29,'87','2020-10-11 02:30:55',31),(30,'2995','2020-10-11 02:30:55',32),(31,'22.32','2020-10-11 02:31:42',17),(32,'52.99','2020-10-11 02:31:42',18),(33,'1018.3','2020-10-11 02:31:42',19),(34,'97','2020-10-11 02:31:42',20),(35,'93','2020-10-11 02:31:42',31),(36,'2995','2020-10-11 02:31:42',32),(37,'100','2020-10-11 02:31:48',37),(38,'1','2020-10-11 02:31:48',38),(39,'1','2020-10-11 02:31:48',38),(40,'114','2020-10-11 02:31:48',40),(41,'3035','2020-10-11 02:31:48',41),(42,'1','2020-10-11 02:31:48',42),(43,'100','2020-10-11 02:31:48',37),(44,'1','2020-10-11 02:31:48',38),(45,'1','2020-10-11 02:31:48',38),(46,'114','2020-10-11 02:31:48',40),(47,'3035','2020-10-11 02:31:48',41),(48,'1','2020-10-11 02:31:48',42),(49,'9.62','2020-10-11 02:31:57',5),(50,'58.67','2020-10-11 02:31:57',6),(51,'1019','2020-10-11 02:31:57',7),(52,'62','2020-10-11 02:31:57',8),(53,'72','2020-10-11 02:31:57',25),(54,'2935','2020-10-11 02:31:57',26),(55,'9.62','2020-10-11 02:31:57',5),(56,'60.31','2020-10-11 02:31:57',6),(57,'1019','2020-10-11 02:31:57',7),(58,'62','2020-10-11 02:31:57',8),(59,'72','2020-10-11 02:31:57',25),(60,'2935','2020-10-11 02:31:57',26),(61,'9.62','2020-10-11 02:31:57',5),(62,'60.31','2020-10-11 02:31:57',6),(63,'1018.9','2020-10-11 02:31:57',7),(64,'62','2020-10-11 02:31:57',8),(65,'72','2020-10-11 02:31:57',25),(66,'2935','2020-10-11 02:31:57',26),(67,'9.62','2020-10-11 02:31:59',5),(68,'60.31','2020-10-11 02:31:59',6),(69,'1019','2020-10-11 02:31:59',7),(70,'62','2020-10-11 02:31:59',8),(71,'69','2020-10-11 02:31:59',25),(72,'2935','2020-10-11 02:31:59',26),(73,'9.73','2020-10-11 02:32:00',5),(74,'60.31','2020-10-11 02:32:00',6),(75,'1019','2020-10-11 02:32:00',7),(76,'62','2020-10-11 02:32:00',8),(77,'66','2020-10-11 02:32:00',25),(78,'2935','2020-10-11 02:32:00',26),(79,'9.73','2020-10-11 02:32:00',5),(80,'60.31','2020-10-11 02:32:00',6),(81,'1019','2020-10-11 02:32:00',7),(82,'62','2020-10-11 02:32:00',8),(83,'66','2020-10-11 02:32:00',25),(84,'2935','2020-10-11 02:32:00',26),(85,'9.73','2020-10-11 02:32:00',5),(86,'65','2020-10-11 02:32:00',6),(87,'1019','2020-10-11 02:32:00',7),(88,'62','2020-10-11 02:32:00',8),(89,'69','2020-10-11 02:32:00',25),(90,'2935','2020-10-11 02:32:00',26),(91,'9.73','2020-10-11 02:32:00',5),(92,'65','2020-10-11 02:32:00',6),(93,'1018.9','2020-10-11 02:32:00',7),(94,'62','2020-10-11 02:32:00',8),(95,'72','2020-10-11 02:32:00',25),(96,'2935','2020-10-11 02:32:00',26),(97,'9.73','2020-10-11 02:32:11',5),(98,'65','2020-10-11 02:32:11',6),(99,'1019','2020-10-11 02:32:11',7),(100,'62','2020-10-11 02:32:11',8),(101,'78','2020-10-11 02:32:11',25),(102,'2935','2020-10-11 02:32:11',26),(103,'10.24','2020-10-11 02:32:21',5),(104,'65','2020-10-11 02:32:21',6),(105,'1019','2020-10-11 02:32:21',7),(106,'62','2020-10-11 02:32:21',8),(107,'78','2020-10-11 02:32:21',25),(108,'2935','2020-10-11 02:32:21',26),(109,'10.24','2020-10-11 02:32:21',5),(110,'65','2020-10-11 02:32:21',6),(111,'1018.9','2020-10-11 02:32:21',7),(112,'62','2020-10-11 02:32:21',8),(113,'84','2020-10-11 02:32:21',25),(114,'2935','2020-10-11 02:32:21',26),(115,'100','2020-10-11 02:32:53',43),(116,'0','2020-10-11 02:32:53',4),(117,'0','2020-10-11 02:32:53',45),(118,'90','2020-10-11 02:32:53',46),(119,'1','2020-10-11 02:32:53',47),(120,'17.15','2020-10-11 02:32:53',48),(121,'10.1','2020-10-11 02:33:02',5),(122,'65','2020-10-11 02:33:02',6),(123,'1018.9','2020-10-11 02:33:02',7),(124,'62','2020-10-11 02:33:02',8),(125,'63','2020-10-11 02:33:02',25),(126,'2935','2020-10-11 02:33:02',26),(127,'10.1','2020-10-11 02:33:02',5),(128,'66.66','2020-10-11 02:33:02',6),(129,'1018.9','2020-10-11 02:33:02',7),(130,'62','2020-10-11 02:33:02',8),(131,'63','2020-10-11 02:33:02',25),(132,'2935','2020-10-11 02:33:02',26),(133,'10.1','2020-10-11 02:33:02',5),(134,'66.66','2020-10-11 02:33:02',6),(135,'1018.9','2020-10-11 02:33:02',7),(136,'62','2020-10-11 02:33:02',8),(137,'60','2020-10-11 02:33:02',25),(138,'2935','2020-10-11 02:33:02',26),(139,'19.81','2020-10-11 02:33:06',21),(140,'54.06','2020-10-11 02:33:06',22),(141,'1018.9','2020-10-11 02:33:06',23),(142,'74','2020-10-11 02:33:06',24),(143,'93','2020-10-11 02:33:06',35),(144,'2955','2020-10-11 02:33:06',36),(145,'100','2020-10-11 02:33:18',37),(146,'1','2020-10-11 02:33:18',38),(147,'1','2020-10-11 02:33:18',38),(148,'114','2020-10-11 02:33:18',40),(149,'3035','2020-10-11 02:33:18',41),(150,'0','2020-10-11 02:33:18',42),(151,'15.64','2020-10-11 02:34:06',9),(152,'77.21','2020-10-11 02:34:06',10),(153,'1018.5','2020-10-11 02:34:06',11),(154,'97','2020-10-11 02:34:06',12),(155,'60','2020-10-11 02:34:06',27),(156,'2995','2020-10-11 02:34:06',28),(157,'19.88','2020-10-11 02:34:24',1),(158,'61.23','2020-10-11 02:34:24',2),(159,'1019.1','2020-10-11 02:34:24',3),(160,'97','2020-10-11 02:34:24',4),(161,'93','2020-10-11 02:34:24',33),(162,'2995','2020-10-11 02:34:24',34),(163,'9.97','2020-10-11 02:35:34',5),(164,'66.66','2020-10-11 02:35:34',6),(165,'1018.9','2020-10-11 02:35:34',7),(166,'62','2020-10-11 02:35:34',8),(167,'63','2020-10-11 02:35:34',25),(168,'2935','2020-10-11 02:35:34',26),(169,'9.97','2020-10-11 02:35:34',5),(170,'60.63','2020-10-11 02:35:34',6),(171,'1018.9','2020-10-11 02:35:34',7),(172,'62','2020-10-11 02:35:34',8),(173,'60','2020-10-11 02:35:34',25),(174,'2935','2020-10-11 02:35:34',26),(175,'9.97','2020-10-11 02:35:34',5),(176,'60.63','2020-10-11 02:35:34',6),(177,'1018.9','2020-10-11 02:35:34',7),(178,'62','2020-10-11 02:35:34',8),(179,'60','2020-10-11 02:35:34',25),(180,'2935','2020-10-11 02:35:34',26),(181,'20.32','2020-10-11 02:35:47',21),(182,'54.06','2020-10-11 02:35:47',22),(183,'1018.9','2020-10-11 02:35:47',23),(184,'74','2020-10-11 02:35:47',24),(185,'93','2020-10-11 02:35:47',35),(186,'2955','2020-10-11 02:35:47',36),(187,'20.32','2020-10-11 02:35:47',21),(188,'53.94','2020-10-11 02:35:47',22),(189,'1018.9','2020-10-11 02:35:47',23),(190,'74','2020-10-11 02:35:47',24),(191,'96','2020-10-11 02:35:47',35),(192,'2955','2020-10-11 02:35:47',36),(193,'20.32','2020-10-11 02:35:47',21),(194,'53.94','2020-10-11 02:35:47',22),(195,'1018.8','2020-10-11 02:35:47',23),(196,'74','2020-10-11 02:35:47',24),(197,'93','2020-10-11 02:35:47',35),(198,'2955','2020-10-11 02:35:47',36),(199,'21.87','2020-10-11 02:36:03',17),(200,'52.99','2020-10-11 02:36:03',18),(201,'1018.3','2020-10-11 02:36:03',19),(202,'97','2020-10-11 02:36:03',20),(203,'93','2020-10-11 02:36:03',31),(204,'2995','2020-10-11 02:36:03',32),(205,'21.87','2020-10-11 02:36:03',17),(206,'52.97','2020-10-11 02:36:03',18),(207,'1018.3','2020-10-11 02:36:03',19),(208,'97','2020-10-11 02:36:03',20),(209,'93','2020-10-11 02:36:03',31),(210,'2995','2020-10-11 02:36:03',32),(211,'21.87','2020-10-11 02:36:03',17),(212,'52.97','2020-10-11 02:36:03',18),(213,'1018.2','2020-10-11 02:36:03',19),(214,'97','2020-10-11 02:36:03',20),(215,'93','2020-10-11 02:36:03',31),(216,'2995','2020-10-11 02:36:03',32),(217,'100','2020-10-11 02:36:41',37),(218,'1','2020-10-11 02:36:41',38),(219,'1','2020-10-11 02:36:41',38),(220,'114','2020-10-11 02:36:41',40),(221,'3035','2020-10-11 02:36:41',41),(222,'0','2020-10-11 02:36:41',42),(223,'100','2020-10-11 02:36:41',37),(224,'1','2020-10-11 02:36:41',38),(225,'1','2020-10-11 02:36:41',38),(226,'114','2020-10-11 02:36:41',40),(227,'3035','2020-10-11 02:36:41',41),(228,'1','2020-10-11 02:36:41',42),(229,'20.84','2020-10-11 02:36:57',21),(230,'53.94','2020-10-11 02:36:57',22),(231,'1018.8','2020-10-11 02:36:57',23),(232,'74','2020-10-11 02:36:57',24),(233,'93','2020-10-11 02:36:57',35),(234,'2955','2020-10-11 02:36:57',36),(235,'20.84','2020-10-11 02:36:57',21),(236,'53.3','2020-10-11 02:36:57',22),(237,'1018.8','2020-10-11 02:36:57',23),(238,'74','2020-10-11 02:36:57',24),(239,'93','2020-10-11 02:36:57',35),(240,'2955','2020-10-11 02:36:58',36),(241,'20.84','2020-10-11 02:36:58',21),(242,'53.3','2020-10-11 02:36:58',22),(243,'1018.9','2020-10-11 02:36:58',23),(244,'74','2020-10-11 02:36:58',24),(245,'93','2020-10-11 02:36:58',35),(246,'2955','2020-10-11 02:36:58',36),(247,'100','2020-10-11 02:37:55',43),(248,'0','2020-10-11 02:37:55',4),(249,'0','2020-10-11 02:37:55',45),(250,'93','2020-10-11 02:37:55',46),(251,'1','2020-10-11 02:37:55',47),(252,'17.01','2020-10-11 02:37:55',48),(253,'100','2020-10-11 02:38:11',37),(254,'1','2020-10-11 02:38:11',38),(255,'1','2020-10-11 02:38:11',38),(256,'114','2020-10-11 02:38:11',40),(257,'3035','2020-10-11 02:38:11',41),(258,'0','2020-10-11 02:38:11',42),(259,'21.4','2020-10-11 02:38:18',21),(260,'53.3','2020-10-11 02:38:18',22),(261,'1018.9','2020-10-11 02:38:18',23),(262,'74','2020-10-11 02:38:18',24),(263,'90','2020-10-11 02:38:18',35),(264,'2955','2020-10-11 02:38:18',36),(265,'21.4','2020-10-11 02:38:18',21),(266,'52.17','2020-10-11 02:38:18',22),(267,'1018.9','2020-10-11 02:38:18',23),(268,'74','2020-10-11 02:38:18',24),(269,'93','2020-10-11 02:38:18',35),(270,'2955','2020-10-11 02:38:18',36),(271,'21.4','2020-10-11 02:38:18',21),(272,'52.17','2020-10-11 02:38:18',22),(273,'1018.8','2020-10-11 02:38:18',23),(274,'74','2020-10-11 02:38:18',24),(275,'93','2020-10-11 02:38:18',35),(276,'2955','2020-10-11 02:38:18',36),(277,'100','2020-10-11 02:39:33',43),(278,'0','2020-10-11 02:39:33',4),(279,'0','2020-10-11 02:39:33',45),(280,'90','2020-10-11 02:39:33',46),(281,'0','2020-10-11 02:39:33',47),(282,'17.01','2020-10-11 02:39:33',48),(283,'21.98','2020-10-11 02:39:59',21),(284,'52.17','2020-10-11 02:39:59',22),(285,'1018.8','2020-10-11 02:39:59',23),(286,'74','2020-10-11 02:39:59',24),(287,'90','2020-10-11 02:39:59',35),(288,'2955','2020-10-11 02:39:59',36),(289,'21.98','2020-10-11 02:39:59',21),(290,'50.98','2020-10-11 02:39:59',22),(291,'1018.8','2020-10-11 02:39:59',23),(292,'74','2020-10-11 02:39:59',24),(293,'96','2020-10-11 02:39:59',35),(294,'2955','2020-10-11 02:39:59',36),(295,'21.98','2020-10-11 02:39:59',21),(296,'50.98','2020-10-11 02:39:59',22),(297,'1018.9','2020-10-11 02:39:59',23),(298,'74','2020-10-11 02:39:59',24),(299,'93','2020-10-11 02:39:59',35),(300,'2955','2020-10-11 02:39:59',36),(301,'100','2020-10-11 02:40:54',37),(302,'1','2020-10-11 02:40:54',38),(303,'1','2020-10-11 02:40:54',38),(304,'111','2020-10-11 02:40:54',40),(305,'3035','2020-10-11 02:40:54',41),(306,'0','2020-10-11 02:40:54',42),(307,'100','2020-10-11 02:40:54',37),(308,'1','2020-10-11 02:40:54',38),(309,'1','2020-10-11 02:40:54',38),(310,'111','2020-10-11 02:40:54',40),(311,'3035','2020-10-11 02:40:54',41),(312,'1','2020-10-11 02:40:54',42),(313,'22.57','2020-10-11 02:41:59',21),(314,'50.98','2020-10-11 02:41:59',22),(315,'1018.9','2020-10-11 02:41:59',23),(316,'74','2020-10-11 02:41:59',24),(317,'87','2020-10-11 02:41:59',35),(318,'2955','2020-10-11 02:41:59',36),(319,'22.57','2020-10-11 02:41:59',21),(320,'49.79','2020-10-11 02:41:59',22),(321,'1018.9','2020-10-11 02:41:59',23),(322,'74','2020-10-11 02:42:00',24),(323,'87','2020-10-11 02:42:00',35),(324,'2955','2020-10-11 02:42:00',36),(325,'22.57','2020-10-11 02:42:00',21),(326,'49.79','2020-10-11 02:42:00',22),(327,'1018.9','2020-10-11 02:42:00',23),(328,'74','2020-10-11 02:42:00',24),(329,'87','2020-10-11 02:42:00',35),(330,'2955','2020-10-11 02:42:00',36),(331,'100','2020-10-11 02:42:24',37),(332,'1','2020-10-11 02:42:24',38),(333,'1','2020-10-11 02:42:24',38),(334,'111','2020-10-11 02:42:24',40),(335,'3035','2020-10-11 02:42:24',41),(336,'0','2020-10-11 02:42:24',42),(337,'23.08','2020-10-11 02:44:10',21),(338,'49.79','2020-10-11 02:44:10',22),(339,'1018.9','2020-10-11 02:44:10',23),(340,'74','2020-10-11 02:44:10',24),(341,'90','2020-10-11 02:44:10',35),(342,'2955','2020-10-11 02:44:10',36),(343,'23.08','2020-10-11 02:44:10',21),(344,'48.57','2020-10-11 02:44:10',22),(345,'1018.9','2020-10-11 02:44:10',23),(346,'74','2020-10-11 02:44:10',24),(347,'90','2020-10-11 02:44:10',35),(348,'2955','2020-10-11 02:44:10',36),(349,'23.08','2020-10-11 02:44:10',21),(350,'48.57','2020-10-11 02:44:10',22),(351,'1018.8','2020-10-11 02:44:10',23),(352,'74','2020-10-11 02:44:10',24),(353,'90','2020-10-11 02:44:10',35),(354,'2955','2020-10-11 02:44:10',36),(355,'100','2020-10-11 02:46:26',37),(356,'0','2020-10-11 02:46:26',38),(357,'0','2020-10-11 02:46:26',38),(358,'111','2020-10-11 02:46:26',40),(359,'3035','2020-10-11 02:46:26',41),(360,'0','2020-10-11 02:46:26',42),(361,'100','2020-10-11 02:46:26',37),(362,'0','2020-10-11 02:46:26',38),(363,'0','2020-10-11 02:46:26',38),(364,'111','2020-10-11 02:46:26',40),(365,'3035','2020-10-11 02:46:26',41),(366,'1','2020-10-11 02:46:26',42),(367,'23.63','2020-10-11 02:46:31',21),(368,'48.57','2020-10-11 02:46:31',22),(369,'1018.8','2020-10-11 02:46:31',23),(370,'74','2020-10-11 02:46:31',24),(371,'48','2020-10-11 02:46:31',35),(372,'2955','2020-10-11 02:46:31',36),(373,'23.63','2020-10-11 02:46:31',21),(374,'47.46','2020-10-11 02:46:31',22),(375,'1018.8','2020-10-11 02:46:31',23),(376,'74','2020-10-11 02:46:31',24),(377,'45','2020-10-11 02:46:31',35),(378,'2955','2020-10-11 02:46:31',36),(379,'23.63','2020-10-11 02:46:31',21),(380,'47.46','2020-10-11 02:46:31',22),(381,'1018.9','2020-10-11 02:46:31',23),(382,'74','2020-10-11 02:46:31',24),(383,'54','2020-10-11 02:46:31',35),(384,'2955','2020-10-11 02:46:31',36),(385,'100','2020-10-11 02:46:40',43),(386,'0','2020-10-11 02:46:40',4),(387,'0','2020-10-11 02:46:40',45),(388,'96','2020-10-11 02:46:40',46),(389,'1','2020-10-11 02:46:40',47),(390,'17.01','2020-10-11 02:46:40',48),(391,'21.36','2020-10-11 02:47:25',17),(392,'52.97','2020-10-11 02:47:25',18),(393,'1018.2','2020-10-11 02:47:25',19),(394,'97','2020-10-11 02:47:25',20),(395,'96','2020-10-11 02:47:25',31),(396,'2995','2020-10-11 02:47:25',32),(397,'21.36','2020-10-11 02:47:25',17),(398,'53.7','2020-10-11 02:47:25',18),(399,'1018.2','2020-10-11 02:47:25',19),(400,'97','2020-10-11 02:47:25',20),(401,'93','2020-10-11 02:47:25',31),(402,'2995','2020-10-11 02:47:25',32),(403,'21.36','2020-10-11 02:47:25',17),(404,'53.7','2020-10-11 02:47:25',18),(405,'1018.3','2020-10-11 02:47:25',19),(406,'97','2020-10-11 02:47:25',20),(407,'93','2020-10-11 02:47:25',31),(408,'2995','2020-10-11 02:47:25',32),(409,'100','2020-10-11 02:47:56',37),(410,'0','2020-10-11 02:47:56',38),(411,'0','2020-10-11 02:47:56',38),(412,'111','2020-10-11 02:47:56',40),(413,'3035','2020-10-11 02:47:56',41),(414,'0','2020-10-11 02:47:56',42),(415,'100','2020-10-11 02:49:18',37),(416,'0','2020-10-11 02:49:18',38),(417,'0','2020-10-11 02:49:18',38),(418,'111','2020-10-11 02:49:18',40),(419,'3035','2020-10-11 02:49:18',41),(420,'0','2020-10-11 02:49:18',42),(421,'100','2020-10-11 02:49:18',37),(422,'0','2020-10-11 02:49:18',38),(423,'0','2020-10-11 02:49:18',38),(424,'111','2020-10-11 02:49:18',40),(425,'3035','2020-10-11 02:49:18',41),(426,'1','2020-10-11 02:49:18',42),(427,'100','2020-10-11 02:50:22',37),(428,'0','2020-10-11 02:50:22',38),(429,'0','2020-10-11 02:50:22',38),(430,'108','2020-10-11 02:50:22',40),(431,'3035','2020-10-11 02:50:22',41),(432,'1','2020-10-11 02:50:22',42),(433,'100','2020-10-11 02:50:22',37),(434,'0','2020-10-11 02:50:22',38),(435,'0','2020-10-11 02:50:22',38),(436,'105','2020-10-11 02:50:22',40),(437,'3035','2020-10-11 02:50:22',41),(438,'1','2020-10-11 02:50:22',42),(439,'100','2020-10-11 02:51:52',37),(440,'0','2020-10-11 02:51:52',38),(441,'0','2020-10-11 02:51:52',38),(442,'105','2020-10-11 02:51:52',40),(443,'3035','2020-10-11 02:51:52',41),(444,'0','2020-10-11 02:51:52',42),(445,'100','2020-10-11 02:54:23',43),(446,'0','2020-10-11 02:54:23',4),(447,'0','2020-10-11 02:54:23',45),(448,'93','2020-10-11 02:54:23',46),(449,'0','2020-10-11 02:54:23',47),(450,'17.01','2020-10-11 02:54:23',48),(451,'100','2020-10-11 02:55:43',43),(452,'0','2020-10-11 02:55:43',4),(453,'0','2020-10-11 02:55:43',45),(454,'93','2020-10-11 02:55:43',46),(455,'0','2020-10-11 02:55:43',47),(456,'17.01','2020-10-11 02:55:43',48),(457,'15.6','2020-10-11 03:01:35',9),(458,'77.44','2020-10-11 03:01:35',10),(459,'1018.5','2020-10-11 03:01:35',11),(460,'97','2020-10-11 03:01:35',12),(461,'57','2020-10-11 03:01:35',27),(462,'2995','2020-10-11 03:01:35',28),(463,'100','2020-10-11 03:02:37',43),(464,'0','2020-10-11 03:02:37',4),(465,'0','2020-10-11 03:02:37',45),(466,'96','2020-10-11 03:02:37',46),(467,'1','2020-10-11 03:02:37',47),(468,'17.01','2020-10-11 03:02:37',48),(469,'100','2020-10-11 03:02:58',37),(470,'1','2020-10-11 03:02:58',38),(471,'1','2020-10-11 03:02:58',38),(472,'108','2020-10-11 03:02:58',40),(473,'3035','2020-10-11 03:02:58',41),(474,'0','2020-10-11 03:02:58',42),(475,'100','2020-10-11 03:02:58',37),(476,'1','2020-10-11 03:02:58',38),(477,'1','2020-10-11 03:02:58',38),(478,'108','2020-10-11 03:02:58',40),(479,'3035','2020-10-11 03:02:58',41),(480,'1','2020-10-11 03:02:58',42),(481,'100','2020-10-11 03:03:23',37),(482,'1','2020-10-11 03:03:23',38),(483,'1','2020-10-11 03:03:23',38),(484,'114','2020-10-11 03:03:23',40),(485,'3035','2020-10-11 03:03:23',41),(486,'1','2020-10-11 03:03:23',42),(487,'23.08','2020-10-11 03:03:55',21),(488,'47.46','2020-10-11 03:03:55',22),(489,'1018.9','2020-10-11 03:03:55',23),(490,'74','2020-10-11 03:03:55',24),(491,'99','2020-10-11 03:03:55',35),(492,'2955','2020-10-11 03:03:55',36),(493,'23.08','2020-10-11 03:03:55',21),(494,'46.78','2020-10-11 03:03:55',22),(495,'1018.9','2020-10-11 03:03:55',23),(496,'74','2020-10-11 03:03:55',24),(497,'99','2020-10-11 03:03:55',35),(498,'2955','2020-10-11 03:03:55',36),(499,'23.08','2020-10-11 03:03:55',21),(500,'46.78','2020-10-11 03:03:55',22),(501,'1019','2020-10-11 03:03:55',23),(502,'74','2020-10-11 03:03:55',24),(503,'96','2020-10-11 03:03:55',35),(504,'2955','2020-10-11 03:03:55',36),(505,'19.83','2020-10-11 03:04:13',1),(506,'61.23','2020-10-11 03:04:13',2),(507,'1019.1','2020-10-11 03:04:13',3),(508,'97','2020-10-11 03:04:13',4),(509,'99','2020-10-11 03:04:13',33),(510,'2995','2020-10-11 03:04:14',34),(511,'19.83','2020-10-11 03:04:14',1),(512,'61.11','2020-10-11 03:04:14',2),(513,'1019.1','2020-10-11 03:04:14',3),(514,'97','2020-10-11 03:04:14',4),(515,'99','2020-10-11 03:04:14',33),(516,'2995','2020-10-11 03:04:14',34),(517,'19.83','2020-10-11 03:04:14',1),(518,'61.11','2020-10-11 03:04:14',2),(519,'1019.2','2020-10-11 03:04:14',3),(520,'97','2020-10-11 03:04:14',4),(521,'96','2020-10-11 03:04:14',33),(522,'2995','2020-10-11 03:04:14',34),(523,'100','2020-10-11 03:04:28',37),(524,'1','2020-10-11 03:04:28',38),(525,'1','2020-10-11 03:04:28',38),(526,'108','2020-10-11 03:04:28',40),(527,'3035','2020-10-11 03:04:28',41),(528,'0','2020-10-11 03:04:28',42),(529,'100','2020-10-11 03:05:41',43),(530,'0','2020-10-11 03:05:41',4),(531,'0','2020-10-11 03:05:41',45),(532,'96','2020-10-11 03:05:41',46),(533,'0','2020-10-11 03:05:41',47),(534,'17.01','2020-10-11 03:05:41',48),(535,'15.54','2020-10-11 03:05:48',9),(536,'77.44','2020-10-11 03:05:48',10),(537,'1018.5','2020-10-11 03:05:48',11),(538,'97','2020-10-11 03:05:48',12),(539,'60','2020-10-11 03:05:48',27),(540,'2995','2020-10-11 03:05:48',28),(541,'15.54','2020-10-11 03:05:48',9),(542,'77.57','2020-10-11 03:05:48',10),(543,'1018.5','2020-10-11 03:05:48',11),(544,'97','2020-10-11 03:05:48',12),(545,'60','2020-10-11 03:05:48',27),(546,'2995','2020-10-11 03:05:48',28),(547,'15.54','2020-10-11 03:05:48',9),(548,'77.57','2020-10-11 03:05:48',10),(549,'1018.6','2020-10-11 03:05:48',11),(550,'97','2020-10-11 03:05:48',12),(551,'60','2020-10-11 03:05:48',27),(552,'2995','2020-10-11 03:05:48',28),(553,'100','2020-10-11 03:08:16',37),(554,'1','2020-10-11 03:08:16',38),(555,'1','2020-10-11 03:08:16',38),(556,'114','2020-10-11 03:08:16',40),(557,'3035','2020-10-11 03:08:16',41),(558,'0','2020-10-11 03:08:16',42),(559,'100','2020-10-11 03:08:16',37),(560,'1','2020-10-11 03:08:16',38),(561,'1','2020-10-11 03:08:16',38),(562,'114','2020-10-11 03:08:16',40),(563,'3035','2020-10-11 03:08:16',41),(564,'1','2020-10-11 03:08:16',42),(565,'21.15','2020-10-11 03:08:49',17),(566,'53.74','2020-10-11 03:08:49',18),(567,'1018.5','2020-10-11 03:08:49',19),(568,'97','2020-10-11 03:08:49',20),(569,'96','2020-10-11 03:08:49',31),(570,'2995','2020-10-11 03:08:49',32),(571,'22.54','2020-10-11 03:09:17',21),(572,'46.78','2020-10-11 03:09:17',22),(573,'1019','2020-10-11 03:09:17',23),(574,'74','2020-10-11 03:09:17',24),(575,'96','2020-10-11 03:09:17',35),(576,'2955','2020-10-11 03:09:17',36),(577,'22.54','2020-10-11 03:09:17',21),(578,'47.57','2020-10-11 03:09:17',22),(579,'1019','2020-10-11 03:09:17',23),(580,'74','2020-10-11 03:09:17',24),(581,'96','2020-10-11 03:09:17',35),(582,'2955','2020-10-11 03:09:17',36),(583,'22.54','2020-10-11 03:09:17',21),(584,'47.57','2020-10-11 03:09:17',22),(585,'1019','2020-10-11 03:09:17',23),(586,'74','2020-10-11 03:09:17',24),(587,'96','2020-10-11 03:09:17',35),(588,'2955','2020-10-11 03:09:17',36);
/*!40000 ALTER TABLE `data` ENABLE KEYS */;
UNLOCK TABLES;

--
-- Table structure for table `sensor`
--

DROP TABLE IF EXISTS `sensor`;
/*!40101 SET @saved_cs_client     = @@character_set_client */;
/*!50503 SET character_set_client = utf8mb4 */;
CREATE TABLE `sensor` (
  `sensor_id` int NOT NULL AUTO_INCREMENT,
  `name` varchar(255) COLLATE utf8mb4_general_ci NOT NULL,
  `unit` varchar(255) COLLATE utf8mb4_general_ci NOT NULL,
  `type` varchar(255) COLLATE utf8mb4_general_ci NOT NULL,
  `created` timestamp NOT NULL DEFAULT CURRENT_TIMESTAMP,
  `user_id` int NOT NULL,
  PRIMARY KEY (`sensor_id`),
  UNIQUE KEY `sensor_id` (`sensor_id`),
  UNIQUE KEY `name` (`name`),
  KEY `user_id` (`user_id`),
  CONSTRAINT `sensor_ibfk_1` FOREIGN KEY (`user_id`) REFERENCES `user` (`user_id`)
) ENGINE=InnoDB AUTO_INCREMENT=49 DEFAULT CHARSET=utf8mb4 COLLATE=utf8mb4_general_ci;
/*!40101 SET character_set_client = @saved_cs_client */;

--
-- Dumping data for table `sensor`
--

LOCK TABLES `sensor` WRITE;
/*!40000 ALTER TABLE `sensor` DISABLE KEYS */;
INSERT INTO `sensor` VALUES (1,'Omgevingssensor 1 - Temperatuur','°C','tempurature','2020-10-11 00:30:21',1),(2,'Omgevingssensor 1 - Vochtigheidsgraad','%','humidity','2020-10-11 00:30:21',1),(3,'Omgevingssensor 1 - Druk','hpa','pressure','2020-10-11 00:30:21',1),(4,'Omgevingssensor 1 - Batterijpercentage','%','battery','2020-10-11 00:30:21',1),(5,'Omgevingssensor 2 - Temperatuur','°C','tempurature','2020-10-11 00:30:21',1),(6,'Omgevingssensor 2 - Vochtigheidsgraad','%','humidity','2020-10-11 00:30:21',1),(7,'Omgevingssensor 2 - Druk','hpa','pressure','2020-10-11 00:30:21',1),(8,'Omgevingssensor 2 - Batterijpercentage','%','battery','2020-10-11 00:30:21',1),(9,'Omgevingssensor 3 - Temperatuur','°C','tempurature','2020-10-11 00:30:21',1),(10,'Omgevingssensor 3 - Vochtigheidsgraad','%','humidity','2020-10-11 00:30:21',1),(11,'Omgevingssensor 3 - Druk','hpa','pressure','2020-10-11 00:30:21',1),(12,'Omgevingssensor 3 - Batterijpercentage','%','battery','2020-10-11 00:30:21',1),(13,'Omgevingssensor 4 - Temperatuur','°C','tempurature','2020-10-11 00:30:21',2),(14,'Omgevingssensor 4 - Vochtigheidsgraad','%','humidity','2020-10-11 00:30:21',2),(15,'Omgevingssensor 4 - Druk','hpa','pressure','2020-10-11 00:30:21',2),(16,'Omgevingssensor 4 - Batterijpercentage','%','battery','2020-10-11 00:30:21',2),(17,'Omgevingssensor 5 - Temperatuur','°C','tempurature','2020-10-11 00:30:21',2),(18,'Omgevingssensor 5 - Vochtigheidsgraad','%','humidity','2020-10-11 00:30:21',2),(19,'Omgevingssensor 5 - Druk','hpa','pressure','2020-10-11 00:30:21',2),(20,'Omgevingssensor 5 - Batterijpercentage','%','battery','2020-10-11 00:30:21',2),(21,'Omgevingssensor 6 - Temperatuur','°C','tempurature','2020-10-11 00:30:21',2),(22,'Omgevingssensor 6 - Vochtigheidsgraad','%','humidity','2020-10-11 00:30:21',2),(23,'Omgevingssensor 6 - Druk','hpa','pressure','2020-10-11 00:30:21',2),(24,'Omgevingssensor 6 - Batterijpercentage','%','battery','2020-10-11 00:30:21',2),(25,'Omgevingssensor 2 - Signaalsterkte','lqi','linkquality','2020-10-11 00:30:21',1),(26,'Omgevingssensor 2 - Batterijvoltage','mV','voltage','2020-10-11 00:30:21',1),(27,'Omgevingssensor 3 - Signaalsterkte','lqi','linkquality','2020-10-11 00:30:21',1),(28,'Omgevingssensor 3 - Batterijvoltage','mV','voltage','2020-10-11 00:30:21',1),(29,'Omgevingssensor 4 - Signaalsterkte','lqi','linkquality','2020-10-11 00:30:21',2),(30,'Omgevingssensor 4 - Batterijvoltage','mV','voltage','2020-10-11 00:30:21',2),(31,'Omgevingssensor 5 - Signaalsterkte','lqi','linkquality','2020-10-11 00:30:21',2),(32,'Omgevingssensor 5 - Batterijvoltage','mV','voltage','2020-10-11 00:30:21',2),(33,'Omgevingssensor 1 - Signaalsterkte','lqi','linkquality','2020-10-11 00:30:21',1),(34,'Omgevingssensor 1 - Batterijvoltage','mV','voltage','2020-10-11 00:30:21',1),(35,'Omgevingssensor 6 - Signaalsterkte','lqi','linkquality','2020-10-11 00:30:21',2),(36,'Omgevingssensor 6 - Batterijvoltage','mV','voltage','2020-10-11 00:30:21',2),(37,'Bewegingssensor 1 - Batterijpercentage','%','battery','2020-10-11 00:30:21',1),(38,'Bewegingssensor 1 - Lichtsterkte','','illuminance','2020-10-11 00:30:21',1),(39,'Bewegingssensor 1 - Lichtsterkte LUX','lux','illuminance_lux','2020-10-11 00:30:21',1),(40,'Bewegingssensor 1 - Signaalsterkte','lqi','linkquality','2020-10-11 00:30:21',1),(41,'Bewegingssensor 1 - Beweging','bool','occupancy','2020-10-11 00:30:21',1),(42,'Bewegingssensor 1 - Batterijspanning','mv','voltage','2020-10-11 00:30:21',1),(43,'Bewegingssensor 2 - Batterijpercentage','%','battery','2020-10-11 00:30:21',2),(44,'Bewegingssensor 2 - Lichtsterkte','','illuminance','2020-10-11 00:30:21',2),(45,'Bewegingssensor 2 - Lichtsterkte LUX','lux','illuminance_lux','2020-10-11 00:30:22',2),(46,'Bewegingssensor 2 - Signaalsterkte','lqi','linkquality','2020-10-11 00:30:22',2),(47,'Bewegingssensor 2 - Beweging','bool','occupancy','2020-10-11 00:30:22',2),(48,'Bewegingssensor 2 - Temperatuur','°C','tempurature','2020-10-11 00:30:22',2);
/*!40000 ALTER TABLE `sensor` ENABLE KEYS */;
UNLOCK TABLES;

--
-- Table structure for table `user`
--

DROP TABLE IF EXISTS `user`;
/*!40101 SET @saved_cs_client     = @@character_set_client */;
/*!50503 SET character_set_client = utf8mb4 */;
CREATE TABLE `user` (
  `user_id` int NOT NULL AUTO_INCREMENT,
  `firstname` varchar(50) COLLATE utf8mb4_general_ci NOT NULL,
  `lastname` varchar(50) COLLATE utf8mb4_general_ci NOT NULL,
  `password` varchar(50) COLLATE utf8mb4_general_ci NOT NULL,
  `email` varchar(50) COLLATE utf8mb4_general_ci NOT NULL,
  `vkey` varchar(36) COLLATE utf8mb4_general_ci NOT NULL,
  `api_key` varchar(36) COLLATE utf8mb4_general_ci NOT NULL,
  `status` set('vertification_sent','reset_requested','vertified','vertification_timeout') COLLATE utf8mb4_general_ci NOT NULL,
  `created` timestamp NOT NULL DEFAULT CURRENT_TIMESTAMP,
  PRIMARY KEY (`user_id`),
  UNIQUE KEY `user_id` (`user_id`),
  UNIQUE KEY `email` (`email`),
  UNIQUE KEY `vkey` (`vkey`),
  UNIQUE KEY `api_key` (`api_key`)
) ENGINE=InnoDB AUTO_INCREMENT=3 DEFAULT CHARSET=utf8mb4 COLLATE=utf8mb4_general_ci;
/*!40101 SET character_set_client = @saved_cs_client */;

--
-- Dumping data for table `user`
--

LOCK TABLES `user` WRITE;
/*!40000 ALTER TABLE `user` DISABLE KEYS */;
INSERT INTO `user` VALUES (1,'Joske','Vermeulen','paswoord','em1','aa6c05c0-8709-4c4c-abc0-dbc3409cc745','d34db33f-1111-1111-1111-1111d34db33f','vertified','2020-10-11 00:30:17'),(2,'Wesley','Kabouter','paswoord','em2','6447c1a4-c3c1-4584-bf76-6af46ca86310','d34db33f-2222-2222-2222-2222d34db33f','vertified','2020-10-11 00:30:17');
/*!40000 ALTER TABLE `user` ENABLE KEYS */;
UNLOCK TABLES;
/*!40103 SET TIME_ZONE=@OLD_TIME_ZONE */;

/*!40101 SET SQL_MODE=@OLD_SQL_MODE */;
/*!40014 SET FOREIGN_KEY_CHECKS=@OLD_FOREIGN_KEY_CHECKS */;
/*!40014 SET UNIQUE_CHECKS=@OLD_UNIQUE_CHECKS */;
/*!40101 SET CHARACTER_SET_CLIENT=@OLD_CHARACTER_SET_CLIENT */;
/*!40101 SET CHARACTER_SET_RESULTS=@OLD_CHARACTER_SET_RESULTS */;
/*!40101 SET COLLATION_CONNECTION=@OLD_COLLATION_CONNECTION */;
/*!40111 SET SQL_NOTES=@OLD_SQL_NOTES */;

-- Dump completed on 2020-10-11  3:09:27

--
-- Create new user / grant permissions
--
USE `iotbrokerdb`;
DROP USER IF EXISTS 'developerUser' @'localhost';
CREATE USER 'developerUser' @'localhost' IDENTIFIED BY 'hFRfjCptDik9RQHH';
GRANT ALL ON `iotbrokerdb`.* TO 'developerUser' @'localhost';
DROP USER IF EXISTS 'webuser' @'localhost';
CREATE USER 'webuser' @'localhost' IDENTIFIED by 'hFRfjCptDik9RQHH';
GRANT SELECT,
  INSERT,
  UPDATE,
  DELETE ON `iotbrokerdb`.* TO 'webuser' @'localhost';
/* voor Node-Red
 Error: ER_NOT_SUPPORTED_AUTH_MODE: 
 Client does not support authentication protocol requested by server; 
 consider upgrading MySQL client
 */
DROP USER IF EXISTS 'node-red' @'localhost';
CREATE USER 'node-red' @'localhost' IDENTIFIED WITH mysql_native_password BY 'hFRfjCptDik9RQHH';
GRANT SELECT,
  INSERT,
  UPDATE,
  DELETE ON `iotbrokerdb`.* TO 'node-red' @'localhost';
FLUSH PRIVILEGES;
